parameter,log_loss_train,log_loss_validation
false,0.010230661779462628,0.016189950045847855
true,0.11551571313857878,0.1280740484320044
